"Cluster groups: EPMA: RHY from EMPA_db - filtered, sqroot transformed, standardised an centred, ANT and Di removed (insufficient points n<5 to be valid) ",,,,,
Group 1,,,,,
[1],NAP-18_PC079/2/149-9_UK_Deception,NAP-15_PC079/2/149-6_UK_Deception,NAP-17_PC079/2/149-8_UK_Deception,NAP-185_PC029/1/76-2_UK_Deception,
[5],NAP-55_GC027/2/4-8_UK_Deception,NAP-56_GC027/2/4-9_UK_Deception,NAP-14_PC079/2/149-5_UK_Deception,NAP-156_KC081/1/4-6_UK_Deception,
[9],NAP-153_KC081/1/4-3_UK_Deception,NAP-154_KC081/1/4-4_UK_Deception,NAP-224_PC029/1/80-23_UK_Deception,NAP-155_KC081/1/4-5_UK_Deception,
[13],NAP-1104_L6_228_T4_Deception,NAP-1153_BP_L6-A_86_T3_Deception,NAP-225_PC029/1/80-24_UK_Deception,NAP-1103_L6_230_T4_Deception,
[17],NAP-1154_BP_L6-A_86_T3_Deception,NAP-1102_L6_210_T4_Deception,NAP-1152_BP_L6-A_86_T3_Deception,NAP-184_PC029/1/76-1_UK_Deception,
[21],NAP-10_PC079/2/149-1_UK_Deception,NAP-12_PC079/2/149-3_UK_Deception,NAP-151_KC081/1/4-1_UK_Deception,NAP-53_GC027/2/4-6_UK_Deception,
[25],NAP-54_GC027/2/4-7_UK_Deception,NAP-51_GC027/2/4-4_UK_Deception,NAP-52_GC027/2/4-5_UK_Deception,NAP-48_GC027/2/4-1_UK_Deception,
[29],NAP-83_GC037/1/82-3_UK_Deception,NAP-13_PC079/2/149-4_UK_Deception,NAP-152_KC081/1/4-2_UK_Deception,NAP-202_PC029/1/80-1_UK_Deception,
[33],NAP-49_GC027/2/4-2_UK_Deception,NAP-50_GC027/2/4-3_UK_Deception,NAP-105_GC114/3/98-1_UK_Deception,NAP-11_PC079/2/149-2_UK_Deception,
[37],NAP-223_PC029/1/80-22_UK_Deception,K33-1_RH0831_UK_UK,NAP-186_PC029/1/76-3_UK_Deception,NAP-226_PC029/1/80-25_UK_Deception,
[41],K58-11_RH0832_UK_UK,NAP-410_YAN8B-1_41-41.5-14_T7b_Deception,K58-9_RH0832_UK_UK,NAP-444_PC460_73.5-74-22_T7a_Deception,
[45],K58-1_RH0832_UK_UK,K58-5_RH0832_UK_UK,K58-4_RH0832_UK_UK,K58-15_RH0832_UK_UK,
[49],NAP-16_PC079/2/149-7_UK_Deception,NAP-470_Beak1D_70.5-71-23_T10_Deception,K33-22_RH0831_UK_UK,K58-2_RH0832_UK_UK,
[53],K58-3_RH0832_UK_UK,K33-9_RH0831_UK_UK,K58-10_RH0832_UK_UK,NAP-472_Beak1D_70.5-71-25_T10_Deception,
[57],NAP-465_Beak1D_70.5-71-18_T10_Deception,NAP-458_Beak1D_70.5-71-11_T10_Deception,K58-7_RH0832_UK_UK,NAP-416_YAN8B-1_41-41.5-20_T7b_Deception,
[61],NAP-448_Beak1D_70.5-71-1_T10_Deception,NAP-421_YAN8B-1_41-41.5-25_T7b_Deception,K58-12_RH0832_UK_UK,K58-13_RH0832_UK_UK,
[65],NAP-82_GC037/1/82-2_UK_Deception,NAP-87_GC037/1/82-7_UK_Deception,NAP-85_GC037/1/82-5_UK_Deception,NAP-81_GC037/1/82-1_UK_Deception,
[69],NAP-88_GC037/1/82-8_UK_Deception,,,,
,,,,,
Group 2,,,,,
[1],SAM-252_POLP1_90-94.5-14_UK_Solipuli,SAM-797_H2-Q_60-85_5_H2_Hudson,SAM-796_H2-Q_60-85_1_H2_Hudson,SAM-250_POLP1_90-94.5-12_UK_Solipuli,
[5],SAM-800_H2-Q_60-85_13_H2_Hudson,SAM-812_H2-E_0-30_11_H2_Hudson,SAM-175_POLP1_80-85-6_UK_Solipuli,SAM-260_POLP1_90-94.5-22_UK_Solipuli,
[9],SAM-806_H2-Q_60-85_28_H2_Hudson,SAM-196_POLP1_80-85-27_UK_Solipuli,SAM-255_POLP1_90-94.5-17_UK_Solipuli,SAM-189_POLP1_80-85-20_UK_Solipuli,
[13],SAM-258_POLP1_90-94.5-20_UK_Solipuli,SAM-801_H2-Q_60-85_14_H2_Hudson,SAM-818_H2-E_0-30_20_H2_Hudson,SAM-820_AVZ3-H2Q-60-85_4_H2_Hudson,
[17],SAM-821_AVZ3-H2Q-60-85_5_H2_Hudson,SAM-262_POLP1_90-94.5-24_UK_Solipuli,SAM-803_H2-Q_60-85_20_H2_Hudson,SAM-814_H2-E_0-30_16_H2_Hudson,
[21],SAM-180_POLP1_80-85-11_UK_Solipuli,SAM-256_POLP1_90-94.5-18_UK_Solipuli,SAM-802_H2-Q_60-85_18_H2_Hudson,SAM-816_H2-E_0-30_18_H2_Hudson,
[25],SAM-251_POLP1_90-94.5-13_UK_Solipuli,SAM-810_H2-E_0-30_7_H2_Hudson,SAM-176_POLP1_80-85-7_UK_Solipuli,SAM-809_H2-E_0-30_6_H2_Hudson,
[29],SAM-89_POR1_11-15-1_UK_Solipuli,SAM-823_AVZ3-H2Q-60-85_7_H2_Hudson,NAP-415_YAN8B-1_41-41.5-19_T7b_Deception,NAP-406_YAN8B-1_41-41.5-10_T7b_Deception,
[33],NAP-412_YAN8B-1_41-41.5-16_T7b_Deception,NAP-414_YAN8B-1_41-41.5-18_T7b_Deception,NAP-57_GC027/2/4-10_UK_Deception,K58-8_RH0832_UK_UK,
[37],NAP-60_GC027/2/4-13_UK_Deception,NAP-58_GC027/2/4-11_UK_Deception,NAP-157_KC081/1/4-7_UK_Deception,NAP-158_KC081/1/4-8_UK_Deception,
[41],NAP-187_PC029/1/76-4_UK_Deception,NAP-227_PC029/1/80-26_UK_Deception,NAP-205_PC029/1/80-4_UK_Deception,NAP-89_GC037/1/82-9_UK_Deception,
[45],NAP-84_GC037/1/82-4_UK_Deception,NAP-86_GC037/1/82-6_UK_Deception,K33-25_RH0831_UK_UK,K58-14_RH0832_UK_UK,
[49],K58-16_RH0832_UK_UK,NAP-463_Beak1D_70.5-71-16_T10_Deception,NAP-399_YAN8B-1_41-41.5-3_T7b_Deception,K58-6_RH0832_UK_UK,
,,,,,
Group 3,,,,,
[1],SAM-355_COFL2_65-70-5_UK_Solipuli,SAM-353_COFL2_65-70-3_UK_Solipuli,SAM-351_COFL2_65-70-1_UK_Solipuli,SAM-356_COFL2_65-70-6_UK_Solipuli,
[5],SAM-365_COFL2_65-70-15_UK_Solipuli,SAM-375_COFR3_10-15-5_UK_Solipuli,SAM-358_COFL2_65-70-8_UK_Solipuli,SAM-241_POLP1_90-94.5-3_UK_Solipuli,
[9],SAM-387_COFR3_35-40-8_UK_Solipuli,SAM-242_POLP1_90-94.5-4_UK_Solipuli,SAM-368_COFL2_65-70-18_UK_Solipuli,SAM-379_COFR3_10-15-9_UK_Solipuli,
[13],SAM-364_COFL2_65-70-14_UK_Solipuli,SAM-377_COFR3_10-15-7_UK_Solipuli,,,
,,,,,
Group 4,,,,,
[1],SAM-102_POR1_11-15-14_UK_Solipuli,SAM-953_ROH-2B-5_MB1_Burney,SAM-564_LF168-8_H2_Hudson,SAM-876_AR-1B-4_MBX_Burney,SAM-923_EO-2D-1_MB1_Burney
[6],SAM-960_ROH-2B-12_MB1_Burney,SAM-908_EO-1C-3_MB2_Burney,SAM-926_EO-2D-8_MB1_Burney,SAM-909_EO-1C-4_MB2_Burney,SAM-913_EO-1C-8_MB2_Burney
,,,,,
Group 5,,,,,
[1],SAM-919_EO-1C-14_MB2_Burney,SAM-1020_LA-1B-12_R2_Reclus,SAM-1003_EO-2B-6_R1_Reclus,SAM-1019_LA-1B-11_R2_Reclus,
[5],SAM-423_CB1011-23_R1_Reclus,SAM-1005_EO-2B-8_R1_Reclus,SAM-1031_LA-1B-23_R2_Reclus,SAM-1009_LA-1B-1_R2_Reclus,
[9],SAM-1012_LA-1B-4_R2_Reclus,SAM-1023_LA-1B-15_R2_Reclus,SAM-1028_LA-1B-20_R2_Reclus,SAM-1018_LA-1B-10_R2_Reclus,
[13],SAM-1025_LA-1B-17_R2_Reclus,SAM-1011_LA-1B-3_R2_Reclus,SAM-1014_LA-1B-6_R2_Reclus,SAM-1016_LA-1B-8_R2_Reclus,
[17],SAM-1022_LA-1B-14_R2_Reclus,SAM-654_PZ1_R1-RioTurbo_23_R1_Reclus,SAM-647_PZ1_R1-RioTurbo_13_R1_Reclus,SAM-652_PZ1_R1-RioTurbo_21_R1_Reclus,
[21],SAM-656_PZ1_R1-RioTurbo_25_R1_Reclus,SAM-657_PZ1_R1-RioTurbo_27_R1_Reclus,SAM-660_PZ1_R1-RioTurbo_31_R1_Reclus,SAM-673_PZ1_R1-90_06_26_R1_Reclus,
[25],SAM-651_PZ1_R1-RioTurbo_20_R1_Reclus,SAM-655_PZ1_R1-RioTurbo_24_R1_Reclus,SAM-659_PZ1_R1-RioTurbo_30_R1_Reclus,SAM-677_PZ1_R1-90_06_30_R1_Reclus,
[29],SAM-653_PZ1_R1-RioTurbo_22_R1_Reclus,SAM-666_PZ1_R1-90_06_11_R1_Reclus,SAM-658_PZ1_R1-RioTurbo_29_R1_Reclus,SAM-664_PZ1_R1-90_06_4_R1_Reclus,
[33],SAM-422_CB1011-22_R1_Reclus,SAM-401_CB1011-1_R1_Reclus,SAM-418_CB1011-18_R1_Reclus,SAM-420_CB1011-20_R1_Reclus,
[37],SAM-415_CB1011-15_R1_Reclus,SAM-416_CB1011-16_R1_Reclus,SAM-404_CB1011-4_R1_Reclus,SAM-414_CB1011-14_R1_Reclus,
[41],SAM-411_CB1011-11_R1_Reclus,SAM-417_CB1011-17_R1_Reclus,SAM-650_PZ1_R1-RioTurbo_19_R1_Reclus,SAM-410_CB1011-10_R1_Reclus,
[45],SAM-678_PZ1_R1-90_06_31_R1_Reclus,SAM-644_PZ1_R1-RioTurbo_4_R1_Reclus,SAM-668_PZ1_R1-90_06_18_R1_Reclus,SAM-661_PZ1_R1-RioTurbo_32_R1_Reclus,
[49],SAM-676_PZ1_R1-90_06_29_R1_Reclus,SAM-430_PY-931-6_R1_Reclus,SAM-435_LL-905-1_R1_Reclus,SAM-436_LL-905-2_R1_Reclus,
[53],SAM-432_PY-931-8_R1_Reclus,SAM-440_LL-905-6_R1_Reclus,SAM-408_CB1011-8_R1_Reclus,SAM-428_PY-931-4_R1_Reclus,
[57],SAM-439_LL-905-5_R1_Reclus,SAM-429_PY-931-5_R1_Reclus,SAM-431_PY-931-7_R1_Reclus,SAM-412_CB1011-12_R1_Reclus,
[61],SAM-433_PY-931-9_R1_Reclus,SAM-403_CB1011-3_R1_Reclus,SAM-405_CB1011-5_R1_Reclus,SAM-413_CB1011-13_R1_Reclus,
[65],SAM-427_PY-931-3_R1_Reclus,SAM-437_LL-905-3_R1_Reclus,SAM-442_LL-905-8_R1_Reclus,SAM-443_LL-905-9_R1_Reclus,
[69],SAM-434_PY-931-10_R1_Reclus,SAM-444_LL-905-10_R1_Reclus,SAM-1026_LA-1B-18_R2_Reclus,SAM-1029_LA-1B-21_R2_Reclus,
[73],SAM-1013_LA-1B-5_R2_Reclus,SAM-1024_LA-1B-16_R2_Reclus,SAM-407_CB1011-7_R1_Reclus,SAM-424_CB1011-24_R1_Reclus,
[77],SAM-425_PY-931-1_R1_Reclus,SAM-670_PZ1_R1-90_06_20_R1_Reclus,SAM-402_CB1011-2_R1_Reclus,SAM-419_CB1011-19_R1_Reclus,
[81],SAM-406_CB1011-6_R1_Reclus,SAM-426_PY-931-2_R1_Reclus,SAM-1002_EO-2B-5_R1_Reclus,SAM-1008_EO-2B-11_R1_Reclus,
[85],SAM-409_CB1011-9_R1_Reclus,SAM-441_LL-905-7_R1_Reclus,SAM-421_CB1011-21_R1_Reclus,SAM-438_LL-905-4_R1_Reclus,
[89],SAM-386_COFR3_35-40-7_UK_Solipuli,SAM-954_ROH-2B-6_MB1_Burney,SAM-995_RTB-2B-5_R1_Reclus,SAM-992_RTB-2B-2_R1_Reclus,
[93],SAM-991_RTB-2B-1_R1_Reclus,SAM-1004_EO-2B-7_R1_Reclus,SAM-996_RTB-2B-6_R1_Reclus,SAM-1000_EO-2B-3_R1_Reclus,
[97],SAM-997_RTB-2B-7_R1_Reclus,SAM-998_EO-2B-1_R1_Reclus,SAM-993_RTB-2B-3_R1_Reclus,SAM-994_RTB-2B-4_R1_Reclus,
[101],SAM-1007_EO-2B-10_R1_Reclus,SAM-1001_EO-2B-4_R1_Reclus,SAM-999_EO-2B-2_R1_Reclus,SAM-1017_LA-1B-9_R2_Reclus,
[105],SAM-1030_LA-1B-22_R2_Reclus,,,,
,,,,,
Group 6,,,,,
[1],SAM-145_POR4_48-53-4_UK_Solipuli,SAM-719_PZ2_MB1-TOM_GOLD_14_MB1_Burney,SAM-729_PZ2_MB1-TOM_GOLD_27_MB1_Burney,SAM-721_PZ2_MB1-TOM_GOLD_16_MB1_Burney,
[5],SAM-731_PZ2_MB1-TOM_GOLD_30_MB1_Burney,SAM-717_PZ2_MB1-TOM_GOLD_11_MB1_Burney,SAM-722_PZ2_MB1-TOM_GOLD_18_MB1_Burney,SAM-929_EO-2L-1_MB2_Burney,
[9],SAM-987_RTB-1B-12_MB1910?_Burney,SAM-940_PA-1B-1_MB2_Burney,SAM-949_PA-1B-10_MB2_Burney,SAM-950_PA-1B-11_MB2_Burney,
[13],SAM-985_RTB-1B-10_MB1910?_Burney,SAM-707_PZ2_MB1-93_21W_29_MB1_Burney,SAM-698_PZ2_MB1-93_21W_13_MB1_Burney,SAM-740_MB2_90-07_2_MB2_Burney,
[17],SAM-475_LL590-1_MB2_Burney,SAM-483_LL590-9_MB2_Burney,SAM-691_PZ2_MB1-BF_370_10_MB1_Burney,SAM-702_PZ2_MB1-93_21W_22_MB1_Burney,
[21],SAM-726_PZ2_MB1-TOM_GOLD_23_MB1_Burney,SAM-474_CE236-12_MB2_Burney,SAM-693_PZ2_MB1-93_21W_2_MB1_Burney,SAM-697_PZ2_MB1-93_21W_10_MB1_Burney,
[25],SAM-706_PZ2_MB1-93_21W_27_MB1_Burney,SAM-704_PZ2_MB1-93_21W_24_MB1_Burney,SAM-732_PZ1_MB2-90_16_5_MB2_Burney,SAM-705_PZ2_MB1-93_21W_25_MB1_Burney,
[29],SAM-720_PZ2_MB1-TOM_GOLD_15_MB1_Burney,SAM-727_PZ2_MB1-TOM_GOLD_25_MB1_Burney,SAM-730_PZ2_MB1-TOM_GOLD_29_MB1_Burney,SAM-694_PZ2_MB1-93_21W_4_MB1_Burney,
[33],SAM-736_PZ1_MB2-90_16_14_MB2_Burney,SAM-927_EO-2D-9_MB1_Burney,SAM-687_PZ2_MB1-BF_370_4_MB1_Burney,SAM-109_POR1_11-15-21_UK_Solipuli,
[37],SAM-695_PZ2_MB1-93_21W_6_MB1_Burney,SAM-715_PZ2_MB1-TOM_GOLD_8_MB1_Burney,SAM-915_EO-1C-10_MB2_Burney,SAM-916_EO-1C-11_MB2_Burney,
[41],SAM-700_PZ2_MB1-93_21W_18_MB1_Burney,SAM-914_EO-1C-9_MB2_Burney,SAM-917_EO-1C-12_MB2_Burney,SAM-9_MB2-4_MB2_Burney,
[45],SAM-712_PZ2_MB1-TOM_GOLD_4_MB1_Burney,SAM-101_POR1_11-15-13_UK_Solipuli,SAM-104_POR1_11-15-16_UK_Solipuli,SAM-373_COFR3_10-15-3_UK_Solipuli,
[49],SAM-52_So-A-42_So_UK_Solipuli,SAM-91_POR1_11-15-3_UK_Solipuli,SAM-155_POR4_48-53-14_UK_Solipuli,SAM-10_MB2-5_MB2_Burney,
[53],SAM-6_MB2-1_MB2_Burney,SAM-7_MB2-2_MB2_Burney,SAM-8_MB2-3_MB2_Burney,SAM-738_PZ1_MB2-90_16_17_MB2_Burney,
[57],SAM-875_AR-1B-1_MBX_Burney,SAM-97_POR1_11-15-9_UK_Solipuli,SAM-108_POR1_11-15-20_UK_Solipuli,SAM-85_H1-9_H1_Hudson,
[61],SAM-81_H1-5_H1_Hudson,SAM-83_H1-7_H1_Hudson,SAM-82_H1-6_H1_Hudson,SAM-84_H1-8_H1_Hudson,
,,,,,
Group 7,,,,,
[1],SAM-955_ROH-2B-7_MB1_Burney,SAM-880_AR-1B-8_MBX_Burney,SAM-959_ROH-2B-11_MB1_Burney,,
[4],SAM-951_ROH-2B-2_MB1_Burney,SAM-965_RR-2B-5_MB1910_Burney,SAM-881_AR-1B-9_MBX_Burney,,
[7],SAM-952_ROH-2B-4_MB1_Burney,SAM-903_AR-1D-21_MB1_Burney,SAM-447_LL743-3_MB1_Burney,,
[10],SAM-445_LL743-1_MB1_Burney,SAM-900_AR-1D-18_MB1_Burney,SAM-452_LL743-8_MB1_Burney,,
[13],SAM-896_AR-1D-14_MB1_Burney,SAM-461_PY642-8_MB1_Burney,SAM-970_RR-2B-10_MB1910_Burney,,
[16],SAM-966_RR-2B-6_MB1910_Burney,SAM-448_LL743-4_MB1_Burney,SAM-893_AR-1D-11_MB1_Burney,,
[19],SAM-686_MB1_90-21_12_MB1_Burney,SAM-451_LL743-7_MB1_Burney,SAM-446_LL743-2_MB1_Burney,,
[22],SAM-459_PY642-6_MB1_Burney,SAM-450_LL743-6_MB1_Burney,SAM-454_PY642-1_MB1_Burney,,
[25],SAM-458_PY642-5_MB1_Burney,SAM-460_PY642-7_MB1_Burney,SAM-989_RTB-1B-14_MB1910?_Burney,,
[28],SAM-904_AR-1D-22_MB1_Burney,SAM-906_EO-1C-1_MB2_Burney,SAM-977_RTB-1B-2_MB1910?_Burney,,
[31],SAM-979_RTB-1B-4_MB1910?_Burney,SAM-976_RTB-1B-1_MB1910?_Burney,SAM-885_AR-1D-3_MB1_Burney,,
[34],SAM-973_RR-2B-13_MB1910_Burney,SAM-877_AR-1B-5_MBX_Burney,SAM-879_AR-1B-7_MBX_Burney,,
[37],SAM-889_AR-1D-7_MB1_Burney,SAM-882_AR-1B-10_MBX_Burney,SAM-890_AR-1D-8_MB1_Burney,,
[40],SAM-891_AR-1D-9_MB1_Burney,SAM-972_RR-2B-12_MB1910_Burney,SAM-905_AR-1D-23_MB1_Burney,,
[43],SAM-887_AR-1D-5_MB1_Burney,SAM-892_AR-1D-10_MB1_Burney,SAM-967_RR-2B-7_MB1910_Burney,,
[46],SAM-897_AR-1D-15_MB1_Burney,SAM-962_RR-2B-2_MB1910_Burney,SAM-963_RR-2B-3_MB1910_Burney,,
[49],SAM-886_AR-1D-4_MB1_Burney,SAM-922_EO-1C-17_MB2_Burney,SAM-888_AR-1D-6_MB1_Burney,,
[52],SAM-918_EO-1C-13_MB2_Burney,SAM-928_EO-2D-10_MB1_Burney,SAM-943_PA-1B-4_MB2_Burney,,
[55],SAM-946_PA-1B-7_MB2_Burney,SAM-961_RR-2B-1_MB1910_Burney,SAM-680_AVZ3-MB1-90_23W_4_MB1_Burney,,
[58],SAM-982_RTB-1B-7_MB1910?_Burney,SAM-969_RR-2B-9_MB1910_Burney,SAM-683_AVZ3-MB1-90-21_6_AVZ3-MB1-90-21_6__MB1_Burney,,
[61],SAM-910_EO-1C-5_MB2_Burney,SAM-911_EO-1C-6_MB2_Burney,SAM-449_LL743-5_MB1_Burney,,
[64],SAM-466_CE236-4_MB2_Burney,SAM-476_LL590-2_MB2_Burney,SAM-484_LL590-10_MB2_Burney,,
[67],SAM-478_LL590-4_MB2_Burney,SAM-485_PY325-1_MB2_Burney,SAM-465_CE236-3_MB2_Burney,,
[70],SAM-490_PY325-6_MB2_Burney,SAM-479_LL590-5_MB2_Burney,SAM-491_PY325-7_MB2_Burney,,
[73],SAM-983_RTB-1B-8_MB1910?_Burney,SAM-453_LL743-9_MB1_Burney,SAM-477_LL590-3_MB2_Burney,,
[76],SAM-457_PY642-4_MB1_Burney,SAM-462_PY642-9_MB1_Burney,SAM-978_RTB-1B-3_MB1910?_Burney,,
[79],SAM-455_PY642-2_MB1_Burney,SAM-489_PY325-5_MB2_Burney,SAM-981_RTB-1B-6_MB1910?_Burney,,
[82],SAM-990_RTB-1B-15_MB1910?_Burney,SAM-980_RTB-1B-5_MB1910?_Burney,SAM-739_PZ1_MB2-90_16_19_MB2_Burney,,
[85],SAM-948_PA-1B-9_MB2_Burney,SAM-471_CE236-9_MB2_Burney,SAM-487_PY325-3_MB2_Burney,,
[88],SAM-480_LL590-6_MB2_Burney,SAM-493_PY325-9_MB2_Burney,SAM-486_PY325-2_MB2_Burney,,
[91],SAM-481_LL590-7_MB2_Burney,SAM-488_PY325-4_MB2_Burney,SAM-595_PY694-6_Ha_Hudson,,
[94],SAM-464_CE236-2_MB2_Burney,SAM-470_CE236-8_MB2_Burney,SAM-467_CE236-5_MB2_Burney,,
[97],SAM-592_PY694-3_Ha_Hudson,SAM-473_CE236-11_MB2_Burney,SAM-463_CE236-1_MB2_Burney,,
[100],SAM-492_PY325-8_MB2_Burney,SAM-598_PY694-9_Ha_Hudson,SAM-468_CE236-6_MB2_Burney,,
[103],SAM-482_LL590-8_MB2_Burney,SAM-938_EO-2L-10_MB2_Burney,SAM-939_EO-2L-11_MB2_Burney,,
[106],SAM-1006_EO-2B-9_R1_Reclus,SAM-924_EO-2D-3_MB1_Burney,SAM-956_ROH-2B-8_MB1_Burney,,
[109],SAM-958_ROH-2B-10_MB1_Burney,SAM-878_AR-1B-6_MBX_Burney,SAM-932_EO-2L-4_MB2_Burney,,
,,,,,
Group 8,,,,,
[1],SAM-709_PZ2_MB1-93_21W_31_MB1_Burney,SAM-728_PZ2_MB1-TOM_GOLD_26_MB1_Burney,SAM-688_PZ2_MB1-BF_370_5_MB1_Burney,,
[4],SAM-734_PZ1_MB2-90_16_11_MB2_Burney,SAM-716_PZ2_MB1-TOM_GOLD_10_MB1_Burney,SAM-724_PZ2_MB1-TOM_GOLD_20_MB1_Burney,,
[7],SAM-701_PZ2_MB1-93_21W_20_MB1_Burney,SAM-710_PZ2_MB1-93_21W_32_MB1_Burney,SAM-735_PZ1_MB2-90_16_12_MB2_Burney,,
[10],SAM-718_PZ2_MB1-TOM_GOLD_12_MB1_Burney,SAM-714_PZ2_MB1-TOM_GOLD_7_MB1_Burney,SAM-723_PZ2_MB1-TOM_GOLD_19_MB1_Burney,,
[13],SAM-110_POR1_11-15-22_UK_Solipuli,SAM-941_PA-1B-2_MB2_Burney,SAM-947_PA-1B-8_MB2_Burney,,
[16],SAM-930_EO-2L-2_MB2_Burney,SAM-935_EO-2L-7_MB2_Burney,SAM-957_ROH-2B-9_MB1_Burney,,
[19],SAM-933_EO-2L-5_MB2_Burney,SAM-936_EO-2L-8_MB2_Burney,SAM-646_PZ1_R1-RioTurbo_8_R1_Reclus,,
[22],SAM-669_PZ1_R1-90_06_19_R1_Reclus,SAM-679_PZ1_R1-90_06_32_R1_Reclus,SAM-671_PZ1_R1-90_06_23_R1_Reclus,,
[25],SAM-645_PZ1_R1-RioTurbo_7_R1_Reclus,SAM-649_PZ1_R1-RioTurbo_15_R1_Reclus,SAM-642_PZ1_R1-RioTurbo_2_R1_Reclus,,
[28],SAM-902_AR-1D-20_MB1_Burney,SAM-662_PZ1_R1-90_06_1_R1_Reclus,SAM-675_PZ1_R1-90_06_28_R1_Reclus,,
[31],SAM-106_POR1_11-15-18_UK_Solipuli,SAM-1015_LA-1B-7_R2_Reclus,SAM-1021_LA-1B-13_R2_Reclus,,
[34],SAM-1010_LA-1B-2_R2_Reclus,SAM-1027_LA-1B-19_R2_Reclus,SAM-920_EO-1C-15_MB2_Burney,,
[37],SAM-921_EO-1C-16_MB2_Burney,SAM-894_AR-1D-12_MB1_Burney,SAM-964_RR-2B-4_MB1910_Burney,,
[40],SAM-907_EO-1C-2_MB2_Burney,SAM-883_AR-1D-1_MB1_Burney,SAM-899_AR-1D-17_MB1_Burney,,
[43],SAM-974_RR-2B-14_MB1910_Burney,SAM-895_AR-1D-13_MB1_Burney,SAM-975_RR-2B-15_MB1910_Burney,,
[46],SAM-942_PA-1B-3_MB2_Burney,SAM-984_RTB-1B-9_MB1910?_Burney,SAM-681_AVZ3-MB1-90_23W_7_MB1_Burney,,
[49],SAM-733_PZ1_MB2-90_16_9_MB2_Burney,SAM-912_EO-1C-7_MB2_Burney,SAM-944_PA-1B-5_MB2_Burney,,
[52],SAM-737_PZ1_MB2-90_16_15_MB2_Burney,SAM-988_RTB-1B-13_MB1910?_Burney,SAM-925_EO-2D-5_MB1_Burney,,
[55],SAM-968_RR-2B-8_MB1910_Burney,SAM-884_AR-1D-2_MB1_Burney,SAM-901_AR-1D-19_MB1_Burney,,
[58],SAM-945_PA-1B-6_MB2_Burney,SAM-898_AR-1D-16_MB1_Burney,SAM-937_EO-2L-9_MB2_Burney,,
[61],SAM-684_AVZ3-MB1-90-21_7_AVZ3-MB1-90-21_7__MB1_Burney,SAM-971_RR-2B-11_MB1910_Burney,,,
,,,,,
Group 9,,,,,
[1],SAM-36_So-A-26_So_UK_Solipuli,SAM-37_So-A-27_So_UK_Solipuli,SAM-35_So-A-25_So_UK_Solipuli,SAM-39_So-A-29_So_UK_Solipuli,SAM-48_So-A-38_So_UK_Solipuli
[6],SAM-68_So-A-58_So_UK_Solipuli,SAM-13_So-A-3_So_UK_Solipuli,SAM-12_So-A-2_So_UK_Solipuli,SAM-46_So-A-36_So_UK_Solipuli,SAM-58_So-A-48_So_UK_Solipuli
[11],SAM-74_So-A-64_So_UK_Solipuli,SAM-43_So-A-33_So_UK_Solipuli,SAM-59_So-A-49_So_UK_Solipuli,SAM-75_So-A-65_So_UK_Solipuli,SAM-32_So-A-22_So_UK_Solipuli
[16],SAM-20_So-A-10_So_UK_Solipuli,SAM-22_So-A-12_So_UK_Solipuli,SAM-15_So-A-5_So_UK_Solipuli,SAM-19_So-A-9_So_UK_Solipuli,SAM-29_So-A-19_So_UK_Solipuli
[21],SAM-11_So-A-1_So_UK_Solipuli,SAM-55_So-A-45_So_UK_Solipuli,SAM-30_So-A-20_So_UK_Solipuli,SAM-16_So-A-6_So_UK_Solipuli,SAM-41_So-A-31_So_UK_Solipuli
[26],SAM-72_So-A-62_So_UK_Solipuli,SAM-27_So-A-17_So_UK_Solipuli,SAM-28_So-A-18_So_UK_Solipuli,SAM-54_So-A-44_So_UK_Solipuli,SAM-76_So-A-66_So_UK_Solipuli
[31],SAM-61_So-A-51_So_UK_Solipuli,SAM-73_So-A-63_So_UK_Solipuli,SAM-49_So-A-39_So_UK_Solipuli,SAM-60_So-A-50_So_UK_Solipuli,SAM-63_So-A-53_So_UK_Solipuli
[36],SAM-66_So-A-56_So_UK_Solipuli,SAM-14_So-A-4_So_UK_Solipuli,SAM-31_So-A-21_So_UK_Solipuli,SAM-38_So-A-28_So_UK_Solipuli,SAM-67_So-A-57_So_UK_Solipuli
[41],SAM-50_So-A-40_So_UK_Solipuli,SAM-70_So-A-60_So_UK_Solipuli,SAM-33_So-A-23_So_UK_Solipuli,SAM-51_So-A-41_So_UK_Solipuli,SAM-69_So-A-59_So_UK_Solipuli
[46],SAM-18_So-A-8_So_UK_Solipuli,SAM-17_So-A-7_So_UK_Solipuli,SAM-26_So-A-16_So_UK_Solipuli,SAM-1_A1-1_A1_Aguillera,SAM-2_A1-2_A1_Aguillera
[51],SAM-4_A1-4_A1_Aguillera,SAM-23_So-A-13_So_UK_Solipuli,SAM-24_So-A-14_So_UK_Solipuli,SAM-25_So-A-15_So_UK_Solipuli,SAM-45_So-A-35_So_UK_Solipuli
[56],SAM-47_So-A-37_So_UK_Solipuli,SAM-42_So-A-32_So_UK_Solipuli,SAM-57_So-A-47_So_UK_Solipuli,SAM-62_So-A-52_So_UK_Solipuli,SAM-34_So-A-24_So_UK_Solipuli
[61],SAM-53_So-A-43_So_UK_Solipuli,SAM-64_So-A-54_So_UK_Solipuli,SAM-56_So-A-46_So_UK_Solipuli,SAM-65_So-A-55_So_UK_Solipuli,SAM-21_So-A-11_So_UK_Solipuli
[66],SAM-40_So-A-30_So_UK_Solipuli,SAM-44_So-A-34_So_UK_Solipuli,SAM-71_So-A-61_So_UK_Solipuli,,
,,,,,
Group 10 ,,,,,
[1],SAM-622_PZ1_A1-93_03_7_A1_Aguilera,SAM-163_POR4_48-53-22_UK_Solipuli,SAM-627_PZ1_A1-93_03_13_A1_Aguilera,SAM-623_PZ1_A1-93_03_8_A1_Aguilera,
[5],SAM-639_PZ1_A1-93_03_28_A1_Aguilera,SAM-159_POR4_48-53-18_UK_Solipuli,SAM-150_POR4_48-53-9_UK_Solipuli,SAM-151_POR4_48-53-10_UK_Solipuli,
[9],SAM-160_POR4_48-53-19_UK_Solipuli,SAM-167_POR4_48-53-26_UK_Solipuli,SAM-147_POR4_48-53-6_UK_Solipuli,SAM-152_POR4_48-53-11_UK_Solipuli,
[13],SAM-164_POR4_48-53-23_UK_Solipuli,SAM-153_POR4_48-53-12_UK_Solipuli,SAM-166_POR4_48-53-25_UK_Solipuli,SAM-165_POR4_48-53-24_UK_Solipuli,
[17],SAM-5_A1-5_A1_Aguillera,SAM-158_POR4_48-53-17_UK_Solipuli,SAM-641_PZ1_A1-93_03_32_A1_Aguilera,SAM-633_PZ1_A1-93_03_19_A1_Aguilera,
[21],SAM-635_PZ1_A1-93_03_22_A1_Aguilera,SAM-638_PZ1_A1-93_03_27_A1_Aguilera,SAM-625_PZ1_A1-93_03_10_A1_Aguilera,SAM-626_PZ1_A1-93_03_11_A1_Aguilera,
[25],SAM-107_POR1_11-15-19_UK_Solipuli,SAM-934_EO-2L-6_MB2_Burney,SAM-620_PZ1_A1-93_03_5_A1_Aguilera,SAM-629_PZ1_A1-93_03_15_A1_Aguilera,
[29],SAM-619_PZ1_A1-93_03_3_A1_Aguilera,SAM-621_PZ1_A1-93_03_6_A1_Aguilera,SAM-628_PZ1_A1-93_03_14_A1_Aguilera,SAM-637_PZ1_A1-93_03_24_A1_Aguilera,
[33],SAM-640_PZ1_A1-93_03_31_A1_Aguilera,SAM-931_EO-2L-3_MB2_Burney,SAM-986_RTB-1B-11_MB1910?_Burney,SAM-634_PZ1_A1-93_03_21_A1_Aguilera,
[37],SAM-631_PZ1_A1-93_03_17_A1_Aguilera,SAM-632_PZ1_A1-93_03_18_A1_Aguilera,SAM-148_POR4_48-53-7_UK_Solipuli,SAM-142_POR4_48-53-1_UK_Solipuli,
[41],SAM-146_POR4_48-53-5_UK_Solipuli,SAM-144_POR4_48-53-3_UK_Solipuli,SAM-149_POR4_48-53-8_UK_Solipuli,SAM-396_CB260-8_Ax_Aguilera,
[45],SAM-391_CB260-3_Ax_Aguilera,SAM-398_CB260-10_Ax_Aguilera,SAM-399_CB260-11_Ax_Aguilera,SAM-154_POR4_48-53-13_UK_Solipuli,
[49],SAM-395_CB260-7_Ax_Aguilera,SAM-156_POR4_48-53-15_UK_Solipuli,SAM-168_POR4_48-53-27_UK_Solipuli,SAM-392_CB260-4_Ax_Aguilera,
[53],SAM-393_CB260-5_Ax_Aguilera,SAM-397_CB260-9_Ax_Aguilera,SAM-157_POR4_48-53-16_UK_Solipuli,SAM-618_PZ1_A1-93_03_2_A1_Aguilera,
[57],SAM-400_CB260-12_Ax_Aguilera,SAM-636_PZ1_A1-93_03_23_A1_Aguilera,SAM-161_POR4_48-53-20_UK_Solipuli,SAM-472_CE236-10_MB2_Burney,
[61],SAM-469_CE236-7_MB2_Burney,SAM-624_PZ1_A1-93_03_9_A1_Aguilera,SAM-630_PZ1_A1-93_03_16_A1_Aguilera,SAM-389_CB260-1_Ax_Aguilera,
[65],SAM-394_CB260-6_Ax_Aguilera,SAM-3_A1-3_A1_Aguillera,SAM-390_CB260-2_Ax_Aguilera,,